MAE,R2 Score
1975.2921014630954,0.8842012425994309
