,test_acc,test_loss
0,0.855886697769165,1798.2554931640625
